time,seconds_elapsed,z,y,x
1772363407535306200,0.12030615234375,0.023810097947716713,0.04822942614555359,0.02926195040345192
1772363407545376300,0.130376220703125,0.023871617391705513,0.04089082032442093,0.023400332778692245
1772363407555445500,0.140445556640625,0.02170456573367119,0.020502358675003052,0.016643354669213295
1772363407565515300,0.150515380859375,0.013892450369894505,0.004942573141306639,0.015571964904665947
1772363407575584500,0.16058447265625,0.002506499644368887,0.0019552791491150856,0.01973145455121994
1772363407585654300,0.170654296875,-0.006297911051660776,0.010027852840721607,0.018269114196300507
1772363407595723300,0.18072314453125,-0.009935356676578522,0.02044147253036499,0.012238561175763607
1772363407605793300,0.190793212890625,-0.013988420367240906,0.02019619569182396,0.007238210178911686
1772363407615862300,0.2008623046875,-0.017933830618858337,0.01914556510746479,0.007835639640688896
1772363407625932300,0.210932373046875,-0.005334150046110153,0.02063746750354767,0.0002967631444334984
1772363407636001300,0.221001220703125,0.007151254918426275,0.023717045783996582,-0.011340259574353695
1772363407646070300,0.2310703125,0.012393953278660774,0.017792578786611557,-0.023942869156599045
1772363407656139000,0.241138916015625,0.011333308182656765,0.011791765689849854,-0.03183872252702713
1772363407666209300,0.251209228515625,0.011115727946162224,0.002851267345249653,-0.030364660546183586
1772363407676278000,0.261278076171875,0.006474655121564865,0.009064527228474617,-0.015795167535543442
1772363407686347300,0.27134716796875,0.0035382541827857494,0.016142675653100014,-0.0030514104291796684
1772363407696417000,0.2814169921875,0.004982734099030495,0.007369586266577244,0.010906079784035683
1772363407706486300,0.291486328125,0.004504696931689978,-0.005205327644944191,0.007165670394897461
1772363407716556300,0.301556396484375,0.01562423910945654,-0.03176935762166977,0.012041863054037094
1772363407726625300,0.311625244140625,0.026112033054232597,-0.02074812911450863,0.01742837391793728
1772363407736695300,0.3216953125,0.028150314465165138,0.00163315050303936,0.022812655195593834
1772363407746764300,0.331764404296875,0.0201128963381052,-0.0023354922886937857,0.02930278144776821
1772363407756834300,0.341834228515625,0.016411101445555687,-0.012800384312868118,0.029021019116044044
1772363407766903000,0.351903076171875,0.006735038477927446,-0.02177843265235424,0.023000409826636314
1772363407776973300,0.361973388671875,-0.0013849209062755108,-0.027038075029850006,0.016867022961378098
1772363407787042000,0.3720419921875,0.006830931641161442,-0.03489333391189575,0.010458392091095448
1772363407797112300,0.3821123046875,0.00930030643939972,-0.023864030838012695,0.018147360533475876
1772363407807181000,0.39218115234375,0.012578923255205154,-0.010538637638092041,0.024102455005049706
1772363407817251300,0.402251220703125,0.011601414531469345,0.004470697604119778,0.02697078324854374
1772363407827320000,0.412320068359375,0.004536314867436886,0.008343732915818691,0.03230962157249451
1772363407837390000,0.42239013671875,-0.007547860965132713,0.024303754791617393,0.030865967273712158
1772363407847459000,0.432458984375,-0.013221725821495056,0.031119847670197487,0.02853783220052719
1772363407857529000,0.442529052734375,-0.020754696801304817,0.019191700965166092,0.0290544293820858
1772363407867598300,0.452598388671875,-0.025141188874840736,0.013878694735467434,0.03278205543756485
1772363407877668000,0.462668212890625,-0.021193210035562515,0.008890251629054546,0.033305130898952484
1772363407887737300,0.4727373046875,-0.01875055953860283,0.004922940395772457,0.02846003882586956
1772363407897807000,0.48280712890625,-0.01698589324951172,-0.007367878220975399,0.028609322383999825
1772363407907876400,0.49287646484375,-0.03363970294594765,-0.002631979063153267,0.03394416719675064
1772363407917946000,0.502946044921875,-0.033929113298654556,0.01110730692744255,0.03862149640917778
1772363407928015400,0.513015380859375,-0.027186255902051926,0.024657471105456352,0.03429599106311798
1772363407938085000,0.523085205078125,-0.0182862039655447,0.009310091845691204,0.025363754481077194
1772363407948154000,0.533154052734375,-0.010350782424211502,-0.00819539837539196,0.021391652524471283
1772363407958224400,0.543224365234375,-0.007161564659327269,-0.005083935335278511,0.030606674030423164
1772363407968293000,0.553293212890625,0.0005658632144331932,0.008843597956001759,0.0327763557434082
1772363407978363400,0.56336328125,-0.0005814624018967152,0.011714864522218704,0.025356508791446686
1772363407988432100,0.57343212890625,-0.0019569857977330685,-0.0007966654375195503,0.004271200858056545
1772363407998502100,0.583502197265625,-0.0009344788268208504,-0.01665986143052578,-0.010373826138675213
1772363408008571100,0.593571044921875,0.003496222198009491,-0.017589570954442024,-0.02712404355406761
1772363408018641200,0.60364111328125,0.0038890750147402287,-0.0001398557797074318,-0.03557610884308815
1772363408028710100,0.613710205078125,0.009195956401526928,0.011557014659047127,-0.045894525945186615
1772363408038780200,0.6237802734375,0.013231590390205383,0.01349768415093422,-0.05807872116565704
1772363408048849200,0.63384912109375,0.019520379602909088,0.01181190274655819,-0.05725953355431557
1772363408058919200,0.643919189453125,0.017451636493206024,0.004547865595668554,-0.049608003348112106
1772363408068988200,0.65398828125,0.010186797939240932,-0.006161238066852093,-0.04197964444756508
1772363408079058200,0.66405810546875,0.002251285593956709,-0.007181583903729916,-0.027075951918959618
1772363408089127400,0.67412744140625,-0.005718756467103958,-0.007218868471682072,-0.01252896711230278
1772363408099197200,0.684197265625,-0.012592567130923271,-0.0016634759958833456,-0.0023516789078712463
1772363408109266200,0.69426611328125,-0.017564157024025917,-0.004293614067137241,0.0030018072575330734
1772363408119336200,0.704336181640625,-0.022432085126638412,-0.01321867760270834,0.007923943921923637
1772363408129405200,0.7144052734375,-0.026952534914016724,-0.020037701353430748,0.011634793132543564
1772363408139474200,0.72447412109375,-0.03046199306845665,-0.01979275420308113,0.015924759209156036
1772363408149544200,0.734544189453125,-0.027972735464572906,-0.02924298122525215,0.015740733593702316
1772363408159614200,0.7446142578125,-0.02484734356403351,-0.04722047224640846,0.008180931210517883
1772363408169683200,0.75468310546875,-0.029404543340206146,-0.04377487301826477,0.00635293684899807
1772363408179752200,0.764752197265625,-0.030956698581576347,-0.03123350441455841,0.006072957068681717
1772363408189822200,0.774822265625,-0.027684470638632774,-0.008636049926280975,0.0026651760563254356
1772363408199891200,0.78489111328125,-0.020275503396987915,-0.0021585067734122276,0.01141034159809351
1772363408209961200,0.794961181640625,-0.017695965245366096,-0.014680955559015274,0.010769053362309933
1772363408220030200,0.8050302734375,-0.014809245243668556,-0.026187701150774956,0.003223218023777008
1772363408230100200,0.815100341796875,-0.01519487053155899,-0.039073407649993896,-0.004222714342176914
1772363408240169200,0.825169189453125,-0.022157667204737663,-0.03574696555733681,-0.010261422023177147
1772363408250239200,0.8352392578125,-0.023991521447896957,-0.022670311853289604,-0.023793209344148636
1772363408260308200,0.84530810546875,-0.023419346660375595,-0.015473145060241222,-0.03976269066333771
1772363408270378200,0.855378173828125,-0.020449388772249222,-0.02241467498242855,-0.04145033657550812
1772363408280447200,0.865447265625,-0.01786811463534832,-0.021779218688607216,-0.030965633690357208
1772363408290517000,0.87551708984375,-0.017477428540587425,-0.02000448852777481,-0.016336891800165176
1772363408300586200,0.885586181640625,-0.012127360329031944,-0.032153356820344925,-0.008270498365163803
1772363408310656300,0.89565625,-0.01083546131849289,-0.03917078673839569,0.007885834202170372
1772363408320725200,0.905725341796875,-0.008021894842386246,-0.025266196578741074,0.020585566759109497
1772363408330795300,0.915795166015625,0.003556197974830866,-0.018366746604442596,0.028048809617757797
1772363408340864300,0.9258642578125,0.008819504640996456,-0.01863745041191578,0.029752258211374283
1772363408350934300,0.935934326171875,-0.00004003383219242096,-0.016628893092274666,0.038561463356018066
1772363408361003300,0.946003173828125,-0.003591019194573164,-0.005092574283480644,0.039493054151535034
1772363408371073300,0.9560732421875,-0.007546345237642527,0.012057117186486721,0.0382634773850441
1772363408381142000,0.96614208984375,-0.014227602630853653,0.01848522759974003,0.027962053194642067
1772363408391212300,0.97621240234375,-0.01089998334646225,0.01073596253991127,0.015087267383933067
1772363408401281000,0.986281005859375,-0.016338009387254715,0.0011212266981601715,0.012644387781620026
1772363408411351300,0.996351318359375,-0.019702382385730743,0.0013087131083011627,0.0032514184713363647
1772363408421420000,1.006419921875,-0.026736579835414886,-0.010445412248373032,-0.0018462073057889938
1772363408431490300,1.016490234375,-0.0305534228682518,-0.019770203158259392,-0.005991950165480375
1772363408441559300,1.026559326171875,-0.04320560395717621,-0.019881408661603928,-0.0042198942974209785
1772363408451629000,1.036629150390625,-0.04422639310359955,-0.017817191779613495,0.004185840487480164
1772363408461698300,1.0466982421875,-0.04341081529855728,-0.013081001117825508,0.021037232130765915
1772363408471768000,1.05676806640625,-0.04148348420858383,-0.008010076358914375,0.036269981414079666
1772363408481837300,1.06683740234375,-0.03776150569319725,-0.006822297349572182,0.05375641584396362
1772363408491907000,1.076906982421875,-0.038452863693237305,0.003556573763489723,0.05889471620321274
1772363408501976300,1.086976318359375,-0.03215150162577629,0.013288233429193497,0.05575632303953171
1772363408512046000,1.097046142578125,-0.0296875461935997,0.018860630691051483,0.04964090883731842
1772363408522115300,1.107115234375,-0.025432219728827477,0.01608111709356308,0.042868390679359436
1772363408532185000,1.11718505859375,-0.013126017525792122,0.014793479815125465,0.04170725494623184
1772363408542254300,1.12725439453125,-0.00440965685993433,0.0120319202542305,0.0383075550198555
1772363408552324400,1.137324462890625,0.0017925789579749107,0.007528515532612801,0.029209664091467857
1772363408562393000,1.14739306640625,0.005089692771434784,0.0034948140382766724,0.022350922226905823
1772363408572463400,1.15746337890625,0.005053473636507988,0.004309474490582943,0.01517263613641262
1772363408582532000,1.167531982421875,-0.0011676531285047531,0.005573728121817112,-0.005439027212560177
1772363408592602400,1.177602294921875,-0.000698404386639595,0.008246475830674171,-0.02407156676054001
1772363408602671000,1.187671142578125,-0.003984303679317236,0.006921465042978525,-0.03909807652235031
1772363408612741000,1.1977412109375,0.0011055301874876022,0.004852189216762781,-0.03956253081560135
1772363408622810000,1.20781005859375,0.0027473592199385166,0.0029495754279196262,-0.04255133494734764
1772363408632880000,1.217880126953125,0.006791369523853064,-0.002586603397503495,-0.04370102286338806
1772363408642949000,1.22794921875,0.0035588243044912815,-0.0023932578042149544,-0.04206690564751625
1772363408653023200,1.238023193359375,-0.0027813632041215897,-0.00008056871592998505,-0.028740182518959045
1772363408663092500,1.248092529296875,-0.00841367244720459,0.00502769136801362,-0.014928558841347694
1772363408673162200,1.258162353515625,-0.008764144033193588,0.002453746274113655,0.0011026058346033096
1772363408683231200,1.268231201171875,-0.009796367958188057,-0.0017803627997636795,0.015692604705691338
1772363408693301500,1.278301513671875,-0.012021439149975777,-0.003540446050465107,0.028302138671278954
1772363408703370200,1.288370361328125,-0.011772507801651955,-0.001222417689859867,0.03346173092722893
1772363408713440500,1.2984404296875,-0.016278043389320374,0.0033371802419424057,0.035789333283901215
1772363408723509200,1.30850927734375,-0.023690741509199142,0.017376843839883804,0.04254109784960747
1772363408733579500,1.31857958984375,-0.02404654026031494,0.026284053921699524,0.042759742587804794
1772363408743648300,1.328648193359375,-0.0214999970048666,0.02169180102646351,0.041496146470308304
1772363408753717500,1.338717529296875,-0.021586814895272255,0.02519012987613678,0.03841380029916763
1772363408763787300,1.348787353515625,-0.020097611472010612,0.029100613668560982,0.03706543892621994
1772363408773856500,1.3588564453125,-0.021316275000572205,0.01675925962626934,0.033183347433805466
1772363408783926300,1.36892626953125,-0.019935067743062973,0.0036257016472518444,0.029524054378271103
1772363408793995300,1.378995361328125,-0.02161206118762493,0.0014256644062697887,0.028101127594709396
1772363408804065300,1.389065185546875,-0.018572375178337097,0.008692961186170578,0.022984981536865234
1772363408814134300,1.39913427734375,-0.023552486672997475,0.018609508872032166,0.02261080965399742
1772363408824204300,1.409204345703125,-0.02360651083290577,0.026640690863132477,0.025616729632019997
1772363408834273300,1.419273193359375,-0.022360417991876602,0.024505365639925003,0.020415043458342552
1772363408844343300,1.42934326171875,-0.02285735495388508,0.017887461930513382,0.007733273319900036
1772363408854412300,1.439412353515625,-0.023567618802189827,0.013549704104661942,-0.0013654176145792007
1772363408864482300,1.449482421875,-0.01972499117255211,0.012060262262821198,-0.01103769987821579
1772363408874551300,1.45955126953125,-0.010901937261223793,0.002135992981493473,-0.019022654742002487
1772363408884621300,1.469621337890625,-0.01267329789698124,-0.009629618376493454,-0.02110513672232628
1772363408894690300,1.479690185546875,-0.008719036355614662,-0.013519431464374065,-0.011989135295152664
1772363408904760300,1.48976025390625,-0.013169445097446442,-0.01176073681563139,0.005993327125906944
1772363408914829300,1.499829345703125,-0.014741508290171623,-0.014778897166252136,0.016537049785256386
1772363408924899300,1.5098994140625,-0.016049496829509735,-0.01793093793094158,0.023376014083623886
1772363408934968300,1.51996826171875,-0.010910396464169025,-0.016764739528298378,0.0270724818110466
1772363408945038300,1.530038330078125,-0.00509916665032506,-0.01005830429494381,0.028874235227704048
1772363408955107300,1.540107421875,0.0020157340914011,-0.006974097341299057,0.025007857009768486
1772363408965177300,1.55017724609375,0.002945002168416977,-0.0057201380841434,0.026279937475919724
1772363408975246300,1.560246337890625,0.007134154438972473,0.001131642609834671,0.009356082417070866
1772363408985316400,1.57031640625,0.006833042949438095,0.0031974907033145428,-0.00661687133833766
1772363408995385300,1.58038525390625,0.006823988165706396,-0.0006736796349287033,-0.019310561940073967
1772363409005455400,1.590455322265625,0.00688274297863245,0.0008263392373919487,-0.023081956431269646
1772363409015524400,1.6005244140625,0.01190306805074215,0.00014483602717518806,-0.02497439831495285
1772363409025594000,1.610593994140625,0.02009974606335163,-0.011339726857841015,-0.031135085970163345
1772363409035663400,1.620663330078125,0.019774574786424637,-0.00796843133866787,-0.03483448177576065
1772363409045733000,1.630733154296875,0.01722904108464718,0.0016822409816086292,-0.03868536651134491
1772363409055802400,1.64080224609375,0.020350798964500427,0.0046058595180511475,-0.041678763926029205
1772363409065872400,1.650872314453125,0.01477089710533619,-0.0010807253420352936,-0.04172930866479874
1772363409075941400,1.66094140625,0.012266727164387703,-0.013295046985149384,-0.03242555633187294
1772363409086011400,1.671011474609375,0.006028135772794485,-0.012053187936544418,-0.01738651655614376
1772363409096080400,1.681080322265625,-0.00018049171194434166,-0.012419106438755989,-0.007664647419005632
1772363409106150400,1.691150390625,0.000036638230085372925,-0.01227019913494587,-0.003873949870467186
1772363409116219400,1.701219482421875,0.0019756858237087727,-0.01059294119477272,-0.004133874550461769
1772363409126289400,1.711289306640625,0.0012503871694207191,-0.014025677926838398,-0.004179910756647587
1772363409136358100,1.721358154296875,0.0032445620745420456,-0.012280508875846863,0.0025187386199831963
1772363409146428400,1.731428466796875,0.00739298714324832,-0.00994353462010622,0.0033455193042755127
1772363409156497200,1.7414970703125,0.012801600620150566,-0.0055948588997125626,0.0034895967692136765
1772363409166567400,1.7515673828125,0.013113281689584255,-0.015185346826910973,-0.005365523975342512
1772363409176636200,1.76163623046875,0.012047750875353813,-0.02684519812464714,-0.005778314080089331
1772363409186706400,1.77170654296875,0.010338883846998215,-0.028627563267946243,-0.008484396152198315
1772363409196775400,1.781775390625,0.0064293635077774525,-0.013517585583031178,-0.020444652065634727
1772363409206844400,1.791844482421875,0.006917318794876337,-0.009374518878757954,-0.034006983041763306
1772363409216914400,1.80191455078125,0.006654997356235981,-0.0175112746655941,-0.048498574644327164
1772363409226983400,1.8119833984375,0.0010302169248461723,-0.029645662754774094,-0.05908815190196037
1772363409237053400,1.822053466796875,0.00486650038510561,-0.032675810158252716,-0.06600730866193771
1772363409247122200,1.8321220703125,-0.0006516235880553722,-0.02825676091015339,-0.062156256288290024
1772363409257192400,1.8421923828125,-0.005447976756840944,-0.0268761795014143,-0.05323679745197296
1772363409267261200,1.85226123046875,-0.009951675310730934,-0.024320712313055992,-0.04703463613986969
1772363409277331500,1.86233154296875,-0.011806568130850792,-0.02316010557115078,-0.03504641354084015
1772363409287400200,1.872400146484375,-0.00859878957271576,-0.016744017601013184,-0.027429774403572083
1772363409297470200,1.88247021484375,-0.008289331570267677,-0.011754052713513374,-0.014757655560970306
1772363409307539200,1.892539306640625,-0.009799416176974773,-0.019602693617343903,-0.006012386176735163
1772363409317609200,1.902609130859375,-0.013723851181566715,-0.026181500405073166,-0.0007313378155231476
1772363409327678200,1.91267822265625,-0.01986483484506607,-0.024069081991910934,0.008693855255842209
1772363409337748200,1.922748291015625,-0.022063273936510086,-0.02192496880888939,0.011065401136875153
1772363409347817500,1.9328173828125,-0.024999268352985382,-0.025705568492412567,0.006432400085031986
1772363409357887200,1.94288720703125,-0.027289055287837982,-0.022686609998345375,0.0018927762284874916
1772363409367956500,1.95295654296875,-0.027084728702902794,-0.010053650476038456,-0.011234660632908344
1772363409378026200,1.963026123046875,-0.021536830812692642,-0.005483399610966444,-0.026018932461738586
1772363409388095500,1.973095458984375,-0.01880316063761711,-0.01314689964056015,-0.030942402780056
1772363409398165200,1.983165283203125,-0.014100817032158375,-0.01946418359875679,-0.031227093189954758
1772363409408234200,1.993234130859375,-0.014744182117283344,-0.012963737361133099,-0.025299550965428352
1772363409418304300,2.00330419921875,-0.01351459976285696,-0.005955362692475319,-0.016592612490057945
1772363409428373200,2.013373291015625,-0.017528938129544258,-0.0002874326892197132,-0.0023971358314156532
1772363409438443500,2.023443603515625,-0.0203111432492733,0.00793374516069889,0.0027531515806913376
1772363409448512300,2.03351220703125,-0.01676894724369049,0.004155746195465326,0.005481540225446224
1772363409458582500,2.04358251953125,-0.01468928437680006,0.00216210400685668,0.004621605388820171
1772363409468651300,2.0536513671875,-0.012444717809557915,-0.000203592237085104,0.0009841425344347954
1772363409478721300,2.06372119140625,-0.010869458317756653,0.005998643580824137,-0.011389702558517456
1772363409488790300,2.073790283203125,-0.0087501872330904,0.010559801012277603,-0.020153651013970375
1772363409498860300,2.0838603515625,-0.014501016587018967,0.012352107092738152,-0.04129941761493683
1772363409508929300,2.09392919921875,-0.0160968080163002,0.012371713295578957,-0.06146201491355896
1772363409518999300,2.103999267578125,-0.018160760402679443,0.015418371185660362,-0.0701039731502533
1772363409529068300,2.114068359375,-0.023108676075935364,0.0215267613530159,-0.055603936314582825
1772363409539138300,2.12413818359375,-0.022497747093439102,0.030868863686919212,-0.03391248732805252
1772363409549207300,2.134207275390625,-0.020383240655064583,0.024172408506274223,-0.005367873702198267
1772363409559277300,2.14427734375,-0.02235477976500988,0.02041149139404297,0.029132580384612083
1772363409569346300,2.15434619140625,-0.021664690226316452,0.03294537961483002,0.05651314929127693
1772363409579416300,2.164416259765625,-0.016375387087464333,0.005148902535438538,0.05875686928629875
1772363409589485300,2.1744853515625,-0.015074614435434341,-0.03228120133280754,0.058353617787361145
1772363409599555300,2.184555419921875,-0.01585785113275051,-0.027055814862251282,0.05124750733375549
1772363409609624300,2.194624267578125,-0.011433478444814682,0.0074424948543310165,0.037738434970378876
1772363409619694300,2.2046943359375,-0.01082068495452404,0.027604488655924797,0.020939486101269722
1772363409629763300,2.214763427734375,-0.011699408292770386,0.019480230286717415,0.006076609715819359
1772363409639833000,2.2248330078125,-0.012721262872219086,0.009225728921592236,-0.011123948730528355
1772363409649902300,2.23490234375,-0.012035396881401539,-0.007393114268779755,-0.019757289439439774
1772363409659972400,2.244972412109375,-0.014948629774153233,-0.019689194858074188,-0.023452427238225937
1772363409670041300,2.255041259765625,-0.018313303589820862,-0.019576430320739746,-0.029114317148923874
1772363409680111400,2.265111328125,-0.01744724251329899,-0.013917478732764721,-0.039701979607343674
1772363409690180400,2.275180419921875,-0.020697925239801407,-0.015061672776937485,-0.03708896040916443
1772363409700250400,2.28525048828125,-0.02618536911904812,-0.009901266545057297,-0.03124997764825821
1772363409710319400,2.2953193359375,-0.028283389285206795,-0.00881539098918438,-0.012850327417254448
1772363409720389400,2.305389404296875,-0.02758990041911602,-0.001278111943975091,0.0006534969434142113
1772363409730458400,2.315458251953125,-0.025792624801397324,-0.0077031319960951805,0.010102235712110996
1772363409740528400,2.3255283203125,-0.024457581341266632,-0.016736840829253197,0.01604641228914261
1772363409750597000,2.33559716796875,-0.022923748940229416,-0.024901583790779114,0.016937201842665672
1772363409760667400,2.34566748046875,-0.02186434343457222,-0.02715142071247101,0.018567590042948723
1772363409770736000,2.355736083984375,-0.01933308318257332,-0.030942469835281372,0.02404995635151863
1772363409780806400,2.365806396484375,-0.01789018139243126,-0.022062692791223526,0.021066151559352875
1772363409790875400,2.37587548828125,-0.011243658140301704,-0.013794602826237679,0.015621334314346313
1772363409800945400,2.3859453125,-0.006725871469825506,-0.01025313138961792,0.010357063263654709
1772363409811014400,2.396014404296875,-0.007131259888410568,-0.014282483607530594,0.0045781247317790985
1772363409821084200,2.406084228515625,-0.008741406723856926,-0.01876698061823845,0.00669187493622303
1772363409831153400,2.4161533203125,-0.014781658537685871,-0.029949072748422623,0.0013877395540475845
1772363409841223200,2.42622314453125,-0.017470385879278183,-0.039762288331985474,-0.01028090063482523
1772363409851292400,2.43629248046875,-0.023459449410438538,-0.057103753089904785,-0.014085528440773487
1772363409861362200,2.446362060546875,-0.02510954439640045,-0.06441120058298111,-0.02406173013150692
1772363409871431400,2.456431396484375,-0.025539081543684006,-0.05955882370471954,-0.03234328702092171
1772363409881501400,2.46650146484375,-0.024643994867801666,-0.04852401465177536,-0.03440643846988678
1772363409891570400,2.4765703125,-0.022975333034992218,-0.04313135892152786,-0.03783021867275238
1772363409901640400,2.486640380859375,-0.022730322554707527,-0.039302267134189606,-0.04716353118419647
1772363409911709200,2.496709228515625,-0.019440583884716034,-0.038150496780872345,-0.04761848598718643
1772363409921779500,2.506779541015625,-0.01994232088327408,-0.0331227108836174,-0.038726188242435455
1772363409931848200,2.51684814453125,-0.020928170531988144,-0.03283802792429924,-0.021853849291801453
1772363409941918500,2.52691845703125,-0.021527115255594254,-0.030382860451936722,-0.008772669360041618
1772363409951987200,2.5369873046875,-0.02112020179629326,-0.02581963874399662,0.004564037546515465
1772363409962057500,2.547057373046875,-0.017169402912259102,-0.01896173320710659,-0.0007207393646240234
1772363409972126200,2.557126220703125,-0.014645056799054146,-0.015705740079283714,-0.004376277327537537
1772363409982195500,2.567195556640625,-0.006724548991769552,-0.01705170050263405,-0.007276460062712431
1772363409992265200,2.57726513671875,-0.0003211800940334797,-0.017912182956933975,0.000683278776705265
1772363410002335200,2.587335205078125,-0.004164920654147863,-0.02395995333790779,0.004322754219174385
1772363410012404200,2.597404296875,-0.010376935824751854,-0.020324965938925743,0.007867973297834396
1772363410022474200,2.60747412109375,-0.0180676132440567,-0.010828133672475815,0.007158506661653519
1772363410032543500,2.61754345703125,-0.019498705863952637,0.0013240170665085316,0.009637796320021152
1772363410042612200,2.6276123046875,-0.02234802208840847,0.0018467959016561508,0.011165385134518147
1772363410052682500,2.6376826171875,-0.023314068093895912,-0.008271865546703339,0.02330198511481285
1772363410062752300,2.647752197265625,-0.023150017485022545,-0.014508189633488655,0.030897319316864014
1772363410072821500,2.657821533203125,-0.018203482031822205,-0.015124225988984108,0.034466616809368134
1772363410082890200,2.66789013671875,-0.019933471456170082,-0.01574127934873104,0.035801127552986145
1772363410092960300,2.677960205078125,-0.01967196725308895,-0.01581382378935814,0.02410598285496235
1772363410103030300,2.6880302734375,-0.018297242000699043,-0.01821759343147278,0.01653514802455902
1772363410113099300,2.698099365234375,-0.013515280559659004,-0.012927809730172157,-0.001706375740468502
1772363410123168300,2.708168212890625,-0.011793812736868858,-0.006208920385688543,-0.011457007378339767
1772363410133238300,2.71823828125,-0.009976920671761036,0.005299223121255636,-0.01753678359091282
1772363410143308300,2.728308349609375,-0.011252841912209988,0.01339976117014885,-0.023704398423433304
1772363410153377300,2.738377197265625,-0.009980520233511925,0.013157120905816555,-0.03330626338720322
1772363410163446500,2.748446533203125,-0.011799193918704987,0.012457507662475109,-0.03747943416237831
1772363410173516300,2.758516357421875,-0.014370172284543514,0.005422654096037149,-0.04670381546020508
1772363410183586300,2.76858642578125,-0.010869181714951992,0.0005538626573979855,-0.04718904197216034
1772363410193655300,2.7786552734375,-0.0047884308733046055,0.01205398514866829,-0.038847170770168304
1772363410203724300,2.788724365234375,0.0006212480366230011,0.025925859808921814,-0.026940176263451576
1772363410213794300,2.798794189453125,0.007547200191766024,0.025256695225834846,-0.015480764210224152
1772363410223863300,2.80886328125,0.010013286955654621,0.02203720062971115,0.008693280629813671
1772363410233933300,2.818933349609375,0.013359220698475838,0.023965811356902122,0.02893908880650997
1772363410244002300,2.829002197265625,0.012993035838007927,0.024338921532034874,0.04109455645084381
1772363410254072300,2.839072265625,0.01668177917599678,0.013973630964756012,0.04787176847457886
1772363410264141300,2.849141357421875,0.015496673062443733,0.013855919241905212,0.05548175424337387
1772363410274211300,2.85921142578125,0.01746506057679653,0.020825352519750595,0.04102339223027229
1772363410284280300,2.8692802734375,0.012376027181744576,0.02139553427696228,0.02759386971592903
1772363410294350300,2.879350341796875,0.011610578745603561,0.029950208961963654,0.011695979163050652
1772363410304419300,2.88941943359375,0.012332029640674591,0.03470901399850845,-0.0010906551033258438
1772363410314489300,2.8994892578125,0.016752904281020164,0.03228802978992462,-0.01457336638122797
1772363410324558300,2.909558349609375,0.020985731855034828,0.012345748022198677,-0.024857960641384125
1772363410334628400,2.91962841796875,0.021965280175209045,-0.0016609937883913517,-0.030626893043518066
1772363410344697300,2.929697265625,0.018226999789476395,0.0032445485703647137,-0.036093562841415405
1772363410354767400,2.939767333984375,0.011649634689092636,0.009427271783351898,-0.03439097851514816
1772363410364836000,2.949836181640625,0.011735388077795506,0.020657822489738464,-0.02391223981976509
1772363410374906400,2.95990625,0.013214252889156342,0.025863494724035263,-0.012334473431110382
1772363410384975400,2.969975341796875,0.01850968226790428,0.028983652591705322,-0.0007475921884179115
1772363410395045400,2.98004541015625,0.02405995875597,0.017733823508024216,0.012801902368664742
1772363410405114400,2.9901142578125,0.023614410310983658,0.01625709980726242,0.02240685746073723
1772363410415184400,3.000184326171875,0.01791990175843239,0.019571436569094658,0.029159201309084892
1772363410425253400,3.01025341796875,0.018300732597708702,0.021528860554099083,0.03817213326692581
1772363410435323100,3.0203232421875,0.020415017381310463,0.021613549441099167,0.04351124167442322
1772363410445392400,3.030392333984375,0.023680586367845535,0.015598533675074577,0.048312656581401825
1772363410455462100,3.040462158203125,0.025588445365428925,0.01447245106101036,0.054307352751493454
1772363410465531400,3.050531494140625,0.025586050003767014,0.012189323082566261,0.050959762185811996
1772363410475601400,3.060601318359375,0.02307373471558094,0.010958272963762283,0.04690007120370865
1772363410485670400,3.07067041015625,0.023214083164930344,0.009211773052811623,0.04124990850687027
1772363410495740400,3.080740478515625,0.011046954430639744,0.0034456984139978886,0.03677967190742493
1772363410505809400,3.090809326171875,0.0049672238528728485,0.00002034055069088936,0.028569679707288742
1772363410515879400,3.10087939453125,0.003149735275655985,0.012976597994565964,0.021643294021487236
1772363410525948200,3.1109482421875,0.0011547617614269257,0.01904061622917652,0.022972477599978447
1772363410536018400,3.121018310546875,0.0025794515386223793,0.017873745411634445,0.02605792135000229
1772363410546087200,3.131087158203125,0.012461377307772636,0.0429958775639534,0.028508029878139496
1772363410556157400,3.141157470703125,0.021192092448472977,0.06214723736047745,-0.00918074045330286
1772363410566226200,3.15122607421875,0.024165242910385132,0.02774292603135109,-0.016824811697006226
1772363410576296400,3.16129638671875,0.01901448890566826,0.016563761979341507,-0.00752896536141634
1772363410586365200,3.171365234375,0.009502209722995758,0.02747819572687149,0.009956284426152706
1772363410596435200,3.181435302734375,0.006675062235444784,0.041804924607276917,0.027461590245366096
1772363410606504400,3.19150439453125,0.004448659718036652,0.05249405279755592,0.03719917684793472
1772363410616574200,3.20157421875,0.0016943542286753654,0.0462377667427063,0.04245670512318611
1772363410626643500,3.2116435546875,0.003490390256047249,0.042068056762218475,0.04321597144007683
1772363410636713200,3.221713134765625,0.01114035677164793,0.04462164640426636,0.044236235320568085
1772363410646780200,3.2317802734375,0.01303626038134098,0.042574476450681686,0.039838291704654694
1772363410656849400,3.241849365234375,0.010049352422356606,0.04083498567342758,0.026753272861242294
1772363410666918400,3.25191845703125,0.005089747253805399,0.027547411620616913,0.0132811414077878
1772363410676988400,3.261988525390625,0.003368858713656664,0.018016105517745018,0.0006457194685935974
1772363410687058400,3.272058349609375,-0.0013782260939478874,0.012174993753433228,-0.013081278651952744
1772363410697127400,3.28212744140625,-0.0009929877705872059,0.007225651293992996,-0.020911209285259247
1772363410707196400,3.292196533203125,-0.0037520225159823895,0.003226648084819317,-0.025367209687829018
1772363410717266400,3.302266357421875,-0.005011696368455887,0.0018204362131655216,-0.02500394731760025
1772363410727335400,3.31233544921875,-0.008291912265121937,-0.0048206886276602745,-0.017762811854481697
1772363410737405200,3.3224052734375,-0.011414660140872002,-0.018938599154353142,-0.0020759766921401024
1772363410747475500,3.332475341796875,-0.015714067965745926,-0.03108660690486431,0.01556347031146288
1772363410757544200,3.342544189453125,-0.01614326983690262,-0.04421638324856758,0.03304588049650192
1772363410767613400,3.352613525390625,-0.015890268608927727,-0.06184224784374237,0.043899066746234894
1772363410777683200,3.36268310546875,-0.015706079080700874,-0.06475695222616196,0.04899945482611656
1772363410787752400,3.37275244140625,-0.014744676649570465,-0.05549927055835724,0.04399244859814644
1772363410797822500,3.382822509765625,-0.011909237131476402,-0.04182004556059837,0.037946201860904694
1772363410807892200,3.392892333984375,-0.01213960163295269,-0.04442834481596947,0.023908942937850952
1772363410817961500,3.40296142578125,-0.010855553671717644,-0.04539318382740021,0.010459814220666885
1772363410828030500,3.413030517578125,-0.012556513771414757,-0.039602138102054596,0.0012351581826806068
1772363410838100500,3.4231005859375,-0.011429831385612488,-0.04339968040585518,-0.021468115970492363
1772363410848170200,3.433170166015625,-0.0034251692704856396,-0.04881734773516655,-0.04022609069943428
1772363410858239500,3.443239501953125,0.0018749907612800598,-0.03395828604698181,-0.04610057547688484
1772363410868308200,3.45330810546875,0.011585142463445663,-0.01697557419538498,-0.030165016651153564
1772363410878378500,3.46337841796875,0.01486874558031559,-0.004621950443834066,-0.01159294880926609
1772363410888448500,3.473448486328125,0.015453575178980827,0.006912998855113983,0.015072218142449856
1772363410898517200,3.483517333984375,0.022922145202755928,0.010085622780025005,0.024646814912557602
1772363410908587500,3.49358740234375,0.029453281313180923,0.01815366931259632,0.03350022807717323
1772363410918656300,3.50365625,0.037057094275951385,0.029829559847712517,0.036352530121803284
1772363410928726500,3.5137265625,0.04346013069152832,0.04399651288986206,0.03618421405553818
1772363410938795300,3.523795166015625,0.05219332128763199,0.059450436383485794,0.029470358043909073
1772363410948864500,3.533864501953125,0.04439718648791313,0.06291121244430542,0.021136794239282608
1772363410958934300,3.543934326171875,0.03856339305639267,0.05690309405326843,0.0055105965584516525
1772363410969003500,3.55400341796875,0.024097636342048645,0.04541768133640289,-0.002622697502374649
1772363410979073300,3.5640732421875,0.015623541548848152,0.03542819991707802,-0.006145038641989231
1772363410989143300,3.574143310546875,0.011056486517190933,0.02237311564385891,-0.01549646258354187
1772363410999212300,3.58421240234375,0.01233900897204876,-0.001167031703516841,-0.026921305805444717
1772363411009282300,3.5942822265625,0.012682557106018066,-0.006400143261998892,-0.03131818398833275
1772363411019351300,3.604351318359375,0.013991987332701683,0.0033143293112516403,-0.03858669102191925
1772363411029420300,3.614420166015625,0.01632598042488098,0.021017426624894142,-0.041198987513780594
1772363411039490600,3.624490478515625,0.00996411219239235,0.03360152989625931,-0.03501089662313461
1772363411049560300,3.634560302734375,0.010768386535346508,0.03722476214170456,-0.03416134789586067
1772363411059629600,3.644629638671875,0.013408239930868149,0.03418766334652901,-0.028393574059009552
1772363411069699300,3.65469921875,0.024812161922454834,0.02655690722167492,-0.017684737220406532
1772363411079768300,3.664768310546875,0.03006453812122345,0.025065157562494278,-0.006822354160249233
1772363411089838300,3.67483837890625,0.03432106971740723,0.028734460473060608,0.006906773895025253
1772363411099907300,3.6849072265625,0.03810134530067444,0.023006169125437737,0.021199744194746017
1772363411109977300,3.694977294921875,0.04334111511707306,0.0209299698472023,0.025271184742450714
1772363411120046300,3.70504638671875,0.04251781105995178,0.014239329844713211,0.03251688554883003
1772363411130116400,3.715116455078125,0.041339367628097534,0.018100114539265633,0.037591807544231415
1772363411140185300,3.725185302734375,0.03959013521671295,0.014834824949502945,0.037139251828193665
1772363411150255400,3.73525537109375,0.035827357321977615,0.0036434228532016277,0.022043658420443535
1772363411160324400,3.745324462890625,0.03135902062058449,-0.0153657803311944,0.006191503256559372
1772363411170394400,3.755394287109375,0.02595706470310688,-0.027172373607754707,-0.004088031128048897
1772363411180463400,3.76546337890625,0.016929326578974724,-0.030826035887002945,-0.015362761914730072
1772363411190533400,3.775533447265625,0.013010750524699688,-0.020344633609056473,-0.03340940922498703
1772363411200602400,3.785602294921875,0.013378597795963287,-0.016403967514634132,-0.04969029128551483
1772363411210672400,3.79567236328125,0.01182490959763527,-0.022960137575864792,-0.06398002058267593
1772363411220741400,3.805741455078125,0.020567718893289566,-0.023396188393235207,-0.07644356787204742
1772363411230811400,3.815811279296875,0.02438163012266159,-0.014127057045698166,-0.08308921754360199
1772363411240880000,3.825880126953125,0.026163607835769653,-0.014987265691161156,-0.0792011171579361
1772363411250950400,3.835950439453125,0.026350561529397964,-0.0126721803098917,-0.06850612908601761
1772363411261019400,3.846019287109375,0.02774289809167385,-0.007408022880554199,-0.05392291769385338
1772363411271089400,3.85608935546875,0.02918579988181591,-0.005087877158075571,-0.03426745906472206
1772363411281158400,3.866158447265625,0.024953769519925117,0.012489518150687218,-0.013084410689771175
1772363411291228400,3.876228515625,0.02268315851688385,0.02105397917330265,0.004111354239284992
1772363411301297400,3.88629736328125,0.02479756996035576,0.02543085813522339,0.011572632007300854
1772363411311367200,3.8963671875,0.021830275654792786,0.016133496537804604,0.017082978039979935
1772363411321436400,3.9064365234375,0.014202367514371872,0.003277053590863943,0.017690489068627357
1772363411331506200,3.916506103515625,0.007874696515500546,-0.006422445643693209,0.019475605338811874
1772363411341575400,3.926575439453125,0.0024955989792943,-0.007023462560027838,0.02086130529642105
1772363411351645400,3.9366455078125,0.0026521924883127213,0.003486170433461666,0.018165122717618942
1772363411361714400,3.94671435546875,0.0019415514543652534,0.016735203564167023,0.009159881621599197
1772363411371784400,3.956784423828125,0.0023391610011458397,0.02466636337339878,-0.0027287350967526436
1772363411381853400,3.966853515625,0.00013130856677889824,0.016787314787507057,-0.01673578843474388
1772363411391923500,3.97692333984375,-0.006008608732372522,0.013705771416425705,-0.02341393008828163
1772363411401992400,3.986992431640625,-0.012705789878964424,0.004988206550478935,-0.020609788596630096
1772363411412062500,3.9970625,-0.017527975142002106,-0.0021645112428814173,-0.009189886972308159
1772363411422131200,4.007131103515625,-0.020240893587470055,-0.023035496473312378,-0.001030552200973034
1772363411432201500,4.017201416015625,-0.01858094520866871,-0.01908096857368946,0.013861311599612236
1772363411442270200,4.027270263671875,-0.02243761345744133,-0.014700950123369694,0.019295457750558853
1772363411452340500,4.037340576171875,-0.022528959438204765,-0.03325838968157768,0.011939541436731815
1772363411462409200,4.0474091796875,-0.02707761898636818,-0.03918600454926491,0.009823799133300781
1772363411472479200,4.057479248046875,-0.028252873569726944,-0.028891822323203087,0.015268364921212196
1772363411482548500,4.067548583984375,-0.02614559605717659,-0.017108701169490814,0.007511952891945839
1772363411492618200,4.0776181640625,-0.022943943738937378,-0.0148814981803298,-0.0012333355844020844
1772363411502687500,4.0876875,-0.022386454045772552,-0.011677895672619343,-0.007884688675403595
1772363411512757200,4.09775732421875,-0.019869498908519745,-0.004920390900224447,-0.009806692600250244
1772363411522826500,4.107826416015625,-0.02023557387292385,-0.011696876958012581,-0.016309572383761406
1772363411532896300,4.117896240234375,-0.01865685172379017,-0.014994669705629349,-0.024129146710038185
1772363411542965500,4.127965576171875,-0.011694421991705894,-0.014527577906847,-0.022997669875621796
1772363411553035300,4.13803515625,-0.007390221115201712,-0.009087538346648216,-0.011256059631705284
1772363411563104500,4.1481044921875,-0.007050852756947279,-0.014866769313812256,-0.004071165807545185
1772363411573174500,4.158174560546875,-0.0015695341862738132,-0.021544646471738815,-0.0071641611866652966
1772363411583243300,4.1682431640625,0.002776993438601494,-0.021338358521461487,-0.0010368945077061653
1772363411593313500,4.1783134765625,0.0065749273635447025,-0.00782414898276329,0.01395031064748764
1772363411603382300,4.18838232421875,0.007755680941045284,0.0031951270066201687,0.01422259584069252
1772363411613452500,4.19845263671875,0.006804666016250849,-0.005938450340181589,0.01163080707192421
1772363411623521300,4.208521240234375,0.0020458358339965343,-0.015182115137577057,0.014223320409655571
1772363411633591300,4.21859130859375,-0.005021660588681698,-0.011972206644713879,0.015637723729014397
1772363411643660300,4.228660400390625,-0.008664671331644058,-0.021697845309972763,0.014653136022388935
1772363411653730600,4.23873046875,-0.011480432003736496,-0.023106925189495087,0.015479781664907932
1772363411663799600,4.248799560546875,-0.010491427034139633,-0.019163934513926506,0.015211976133286953
1772363411673869600,4.25886962890625,-0.003100888803601265,-0.008572542108595371,0.012680641375482082
1772363411683938600,4.2689384765625,-0.0008103125728666782,0.0002406029962003231,0.0062451791018247604
1772363411694008600,4.279008544921875,0.0006032935343682766,0.006135243456810713,-0.010091183707118034
1772363411704077600,4.28907763671875,-0.0055004144087433815,0.0037221000529825687,-0.024261798709630966
1772363411714147600,4.299147705078125,-0.0089854272082448,-0.009656555950641632,-0.04135369881987572
1772363411724216600,4.309216552734375,-0.003440624102950096,-0.008434558287262917,-0.030708685517311096
1772363411734286600,4.31928662109375,0.000016691628843545914,0.0159730464220047,-0.023478204384446144
1772363411744355600,4.32935546875,-0.0003524613566696644,0.0015500765293836594,-0.014985665678977966
1772363411754425600,4.339425537109375,-0.0007745730690658092,-0.013233663514256477,-0.0037788180634379387
1772363411764494600,4.34949462890625,-0.0015936577692627907,-0.011876707896590233,0.004821427166461945
1772363411774564600,4.359564697265625,-0.004646705463528633,-0.013772079721093178,0.007304558530449867
1772363411784633600,4.369633544921875,-0.0060814423486590385,-0.022875383496284485,-0.0002991901710629463
1772363411794703400,4.379703369140625,-0.0042465245351195335,-0.023232776671648026,-0.002155412919819355
1772363411804772600,4.389772705078125,-0.00314524257555604,-0.009415780194103718,-0.0004359930753707886
1772363411814842400,4.39984228515625,-0.00005650846287608147,0.011947831138968468,0.0010258154943585396
1772363411824911600,4.40991162109375,0.0027091563679277897,0.02122991532087326,-0.002295220270752907
1772363411834981600,4.419981689453125,-0.0036693806760013103,0.010413218289613724,-0.003615882247686386
1772363411845050600,4.430050537109375,-0.006648575887084007,-0.0055611878633499146,0.006327519193291664
1772363411855120600,4.44012060546875,-0.012228963896632195,-0.018399754539132118,0.007801845669746399
1772363411865189600,4.450189697265625,-0.014979559928178787,-0.029841527342796326,0.005633276887238026
1772363411875259600,4.460259765625,-0.014074882492423058,-0.03414306417107582,0.0018039168789982796
1772363411885328600,4.47032861328125,-0.01118226908147335,-0.020116856321692467,0.005307271145284176
1772363411895398700,4.480398681640625,-0.004027688410133123,-0.0038321586325764656,0.00484947394579649
1772363411905467400,4.49046728515625,-0.0009603686630725861,0.008842161856591702,-0.0010635675862431526
1772363411915537700,4.50053759765625,-0.0009206878021359444,0.001774664968252182,-0.011240305379033089
1772363411925606400,4.5106064453125,0.0011755703017115593,-0.007029181811958551,-0.015317114070057869
1772363411935676700,4.5206767578125,0.002035238780081272,0.0073423003777861595,-0.016777589917182922
1772363411945745400,4.530745361328125,0.009157927706837654,0.01913822628557682,-0.01198834553360939
1772363411955815700,4.540815673828125,0.015384664759039879,0.020562751218676567,-0.004350665956735611
1772363411965884700,4.550884765625,0.02386380173265934,0.03033721074461937,0.010636981576681137
1772363411975954400,4.560954345703125,0.02676478400826454,0.03099501132965088,0.016866380348801613
1772363411986023700,4.571023681640625,0.02938646450638771,0.025602631270885468,0.022791195660829544
1772363411996093400,4.581093505859375,0.03130234032869339,0.012336893007159233,0.015240869484841824
1772363412006162700,4.59116259765625,0.03260800614953041,0.006000934634357691,0.004506243392825127
1772363412016232400,4.601232421875,0.031021827831864357,0.01362529955804348,-0.001657908782362938
1772363412026301700,4.6113017578125,0.030200067907571793,0.022109949961304665,-0.008899685926735401
1772363412036371500,4.621371337890625,0.03186827152967453,0.028679968789219856,-0.015026021748781204
1772363412046440700,4.631440673828125,0.031255654990673065,0.022679246962070465,-0.021992741152644157
1772363412056510700,4.6415107421875,0.026604441925883293,0.007758620660752058,-0.027686048299074173
1772363412066579500,4.651579345703125,0.025637347251176834,-0.009236747398972511,-0.032076891511678696
1772363412076649700,4.661649658203125,0.020099835470318794,-0.018722660839557648,-0.03221031650900841
1772363412086718500,4.671718505859375,0.011254917830228806,-0.017808496952056885,-0.024013448506593704
1772363412096788700,4.681788818359375,0.010189120657742023,-0.003862587735056877,-0.013807682320475578
1772363412106857500,4.691857421875,0.006842434871941805,0.006737787742167711,-0.0039899153634905815
1772363412116927700,4.701927734375,-0.000040238723158836365,0.00948537141084671,0.012933940626680851
1772363412126996500,4.71199658203125,0.0016155783087015152,0.008165746927261353,0.02330125868320465
1772363412137066500,4.72206640625,0.00045417342334985733,0.0006558988243341446,0.03429611772298813
1772363412147135500,4.732135498046875,-0.0032975845970213413,-0.014772248454391956,0.03827178478240967
1772363412157205500,4.74220556640625,-0.0006368202157318592,-0.02619747444987297,0.04213949292898178
1772363412167274500,4.7522744140625,-0.004890650510787964,-0.02370620332658291,0.06361949443817139
1772363412177344500,4.762344482421875,-0.0011220118030905724,0.04361478239297867,0.06564110517501831
1772363412187413500,4.77241357421875,0.006694649811834097,0.04686234891414642,0.02005217969417572
1772363412197483500,4.7824833984375,0.010748513042926788,-0.016899321228265762,0.01511894166469574
1772363412207552800,4.792552734375,0.010487047024071217,-0.002699680859223008,0.012356591410934925
1772363412217622500,4.80262255859375,0.014055948704481125,0.044470760971307755,-0.00439841952174902
1772363412227691800,4.81269189453125,0.015172685496509075,0.04119405150413513,-0.028787365183234215
1772363412237761500,4.822761474609375,0.016773510724306107,0.013209285214543343,-0.0397806279361248
1772363412247830500,4.83283056640625,0.010906834155321121,0.004735639318823814,-0.04336497560143471
1772363412257900500,4.842900634765625,0.011908981949090958,0.01583303138613701,-0.031743742525577545
1772363412267969500,4.852969482421875,0.007605358026921749,0.018982693552970886,-0.01940324157476425
1772363412278039600,4.86303955078125,0.006430371198803186,0.0033893543295562267,-0.012369833886623383
1772363412288108500,4.873108642578125,0.0013205278664827347,-0.00545968534424901,0.0015579573810100555
1772363412298178600,4.883178466796875,0.00574616901576519,0.0009508095681667328,0.01275122445076704
1772363412308247600,4.89324755859375,0.007959320209920406,-0.0027126481290906668,0.01804833486676216
1772363412318317600,4.903317626953125,0.01051169354468584,-0.009940201416611671,0.020901113748550415
1772363412328386600,4.913386474609375,0.008303574286401272,-0.007998309098184109,0.018748585134744644
1772363412338456600,4.92345654296875,0.0061003416776657104,-0.003278921591117978,0.013731722719967365
1772363412348525600,4.933525634765625,0.0006069382652640343,-0.0017786358948796988,0.00616852194070816
1772363412358595600,4.943595703125,-0.000658862292766571,-0.008633612655103207,-0.0018670344725251198
1772363412368664600,4.95366455078125,-0.0005777650512754917,-0.01240355521440506,-0.006708295084536076
1772363412378734600,4.963734619140625,-0.0029482445679605007,-0.0182393416762352,-0.012139013037085533
1772363412388803600,4.973803466796875,-0.005858737509697676,-0.02757827192544937,-0.020934078842401505
1772363412398873600,4.98387353515625,-0.01076960563659668,-0.03141056001186371,-0.02438846416771412
1772363412408943600,4.993943603515625,-0.01804693415760994,-0.022347459569573402,-0.023703690618276596
1772363412419012600,5.0040126953125,-0.024588722735643387,-0.0134197436273098,-0.01807430200278759
1772363412429082600,5.01408251953125,-0.023209718987345695,-0.014403672888875008,-0.009365895763039589
1772363412439151600,5.024151611328125,-0.020727653056383133,-0.012097375467419624,0.003635389730334282
1772363412449221600,5.0342216796875,-0.016446154564619064,-0.008216602727770805,0.019213199615478516
1772363412459290600,5.04429052734375,-0.01877349056303501,-0.005410430487245321,0.031372129917144775
1772363412469360600,5.054360595703125,-0.019862521439790726,-0.008740167133510113,0.029104895889759064
1772363412479429400,5.064429443359375,-0.01561051793396473,-0.013312282040715218,0.026778090745210648
1772363412489499600,5.074499755859375,-0.009259972721338272,-0.014282570220530033,0.025246430188417435
1772363412499568400,5.084568359375,-0.007066060323268175,-0.005433152429759502,0.025913022458553314
1772363412509638700,5.094638671875,-0.0024240980856120586,0.007397732697427273,0.0238213911652565
1772363412519707600,5.104707763671875,-0.0024728341959416866,0.006340458057820797,0.01978803426027298
1772363412529777400,5.11477734375,-0.004630462732166052,-0.0016253364738076925,0.010869723744690418
1772363412539846700,5.1248466796875,-0.009378347545862198,-0.005154024809598923,0.003307945095002651
1772363412549916400,5.13491650390625,-0.011769521981477737,-0.0031825120095163584,-0.0034159794449806213
1772363412559985700,5.144985595703125,-0.012313339859247208,-0.0013603772968053818,-0.010320490226149559
1772363412570055400,5.155055419921875,-0.01700778678059578,-0.00377248739823699,-0.019542375579476357
1772363412580124700,5.165124755859375,-0.01766958087682724,0.0017591645009815693,-0.029828835278749466
1772363412590194400,5.1751943359375,-0.014243380166590214,0.0063362824730575085,-0.03758641332387924
1772363412600263700,5.185263671875,-0.014528871513903141,0.00646198308095336,-0.04276466369628906
1772363412610333700,5.195333740234375,-0.016572488471865654,0.0014191055670380592,-0.04434695839881897
1772363412620402700,5.205402587890625,-0.015975674614310265,-0.00567795243114233,-0.04200950264930725
1772363412630472700,5.21547265625,-0.015660420060157776,-0.004525588825345039,-0.034600935876369476
1772363412640541400,5.22554150390625,-0.02350955456495285,-0.0034334263764321804,-0.023514728993177414
1772363412650611000,5.23561083984375,-0.02202921360731125,0.003675154410302639,0.0023573217913508415
1772363412660680000,5.245679931640625,-0.019228367134928703,0.017292696982622147,0.021671097725629807
1772363412670750000,5.25575,-0.021438047289848328,0.02446812018752098,0.04026833549141884
1772363412680818700,5.265818603515625,-0.017685920000076294,0.028349410742521286,0.04991883039474487
1772363412690889000,5.275888916015625,-0.013340311124920845,0.030748359858989716,0.051498252898454666
1772363412700957700,5.285957763671875,-0.007934094406664371,0.027974143624305725,0.05610125884413719
1772363412711028000,5.296028076171875,-0.002376343123614788,0.02788492664694786,0.05644800141453743
1772363412721096700,5.3060966796875,0.0003041285090148449,0.029260452836751938,0.05200105533003807
1772363412731166700,5.316166748046875,0.0027925046160817146,0.026816904544830322,0.04665134847164154
1772363412741236000,5.326236083984375,0.0033096903935074806,0.027194540947675705,0.040654439479112625
1772363412751305700,5.3363056640625,0.004987590946257114,0.027392076328396797,0.02998344786465168
1772363412761375000,5.346375,0.007048345170915127,0.032130103558301926,0.017520921304821968
1772363412771444700,5.35644482421875,0.00908117275685072,0.03367436304688454,0.007808114401996136
1772363412781514000,5.366513916015625,0.005219855345785618,0.02874325029551983,0.009474187158048153
1772363412791583700,5.376583740234375,0.001831322442740202,0.026521947234869003,0.011259586550295353
1772363412801653000,5.386653076171875,0.003107242751866579,0.029297228902578354,0.01329291146248579
1772363412811722800,5.39672265625,-0.0020966753363609314,0.030634794384241104,0.018728598952293396
1772363412821792000,5.4067919921875,-0.0003283359110355377,0.025099415332078934,0.02440006285905838
1772363412831862000,5.416862060546875,-0.003942511975765228,0.017274780198931694,0.02752714976668358
1772363412841930800,5.4269306640625,0.0014373399317264557,0.004495337139815092,0.029257137328386307
1772363412852001000,5.4370009765625,0.0050735389813780785,-0.0005794116295874119,0.0327129065990448
1772363412862069800,5.44706982421875,0.009854178875684738,0.002047264017164707,0.034678053110837936
1772363412872140000,5.45714013671875,0.010791490785777569,0.004097179975360632,0.03142822906374931
1772363412882208800,5.467208740234375,0.008500639349222183,0.005664450582116842,0.03147803246974945
1772363412892278800,5.47727880859375,0.010042835958302021,0.010915588587522507,0.029088890179991722
1772363412902347800,5.48734765625,0.008901671506464481,0.015184901654720306,0.020299924537539482
1772363412912417800,5.497417724609375,0.00872240774333477,0.011476492509245872,0.014083579182624817
1772363412922486800,5.50748681640625,0.00585152069106698,0.0048729185946285725,0.009144745767116547
1772363412932556800,5.517556884765625,-0.0018103569746017456,0.00793437473475933,-0.007879769429564476
1772363412942625800,5.527625732421875,0.00472024641931057,0.018299663439393044,-0.03144501522183418
1772363412952695800,5.53769580078125,0.003164383117109537,0.009477736428380013,-0.04061848297715187
1772363412962765000,5.54776513671875,-0.0036290748976171017,0.0013558943755924702,-0.03578591346740723
1772363412972834800,5.557834716796875,-0.00615492882207036,-0.004419300705194473,-0.02426963672041893
1772363412982904000,5.567904052734375,-0.006277434062212706,-0.015787802636623383,-0.014587980695068836
1772363412992973800,5.577973876953125,-0.006798529997467995,-0.031495627015829086,0.00035896897315979004
1772363413003042800,5.588042724609375,-0.004946568049490452,-0.027641501277685165,0.019704967737197876
1772363413013112800,5.59811279296875,0.0004686107859015465,-0.00748838298022747,0.034605998545885086
1772363413023181800,5.608181884765625,0.005954722873866558,0.003634043037891388,0.039415933191776276
1772363413033251800,5.618251953125,0.01666259579360485,0.013895343989133835,0.03990018740296364
1772363413043320800,5.62832080078125,0.013256678357720375,0.01518511213362217,0.03938459977507591
1772363413053391000,5.63839111328125,0.017113560810685158,0.019603382796049118,0.024907812476158142
1772363413063459800,5.6484599609375,0.009349913336336613,0.016411583870649338,0.003507448360323906
1772363413073529900,5.65852978515625,0.0034727659076452255,0.01394679769873619,-0.008734794333577156
1772363413083598800,5.668598876953125,-0.007708515971899033,0.013558775186538696,-0.02001887373626232
1772363413093668900,5.6786689453125,-0.010855093598365784,-0.0016750362701714039,-0.03551781550049782
1772363413103737900,5.68873779296875,-0.008404452353715897,-0.02383306808769703,-0.05335034057497978
1772363413113808000,5.698807861328125,-0.011742261238396168,-0.03368135914206505,-0.060762010514736176
1772363413123876900,5.708876953125,-0.013843760825693607,-0.03507925197482109,-0.06306883692741394
1772363413133947000,5.71894677734375,-0.013584780506789684,-0.02938629500567913,-0.0580139234662056
1772363413144016000,5.729015869140625,-0.01998142898082733,-0.022668737918138504,-0.045013971626758575
1772363413154086000,5.7390859375,-0.014784837141633034,-0.01352732628583908,-0.029406791552901268
1772363413164156000,5.749156005859375,-0.01061006635427475,-0.008093145675957203,-0.017191404476761818
1772363413174225000,5.759224853515625,-0.014838239178061485,-0.011054341681301594,-0.005837383214384317
1772363413184295000,5.769294921875,-0.015872877091169357,-0.0077448319643735886,-0.0011848406866192818
1772363413194364000,5.779364013671875,-0.013976890593767166,-0.0025755390524864197,-0.001012585125863552
1772363413204434000,5.789433837890625,-0.014470906928181648,-0.005619531963020563,-0.004798268433660269
1772363413214503000,5.7995029296875,-0.010989438742399216,-0.00986337661743164,-0.002973685972392559
1772363413224573000,5.809572998046875,-0.00397174246609211,-0.0066785020753741264,0.002248772419989109
1772363413234641700,5.8196416015625,-0.0039852880872786045,0.0007148534059524536,0.008610009215772152
1772363413244712000,5.8297119140625,-0.0007412913255393505,0.0009838328696787357,0.008483241312205791
1772363413254780700,5.83978076171875,-0.0012432048097252846,-0.00932810828089714,0.004423409700393677
1772363413264851000,5.849850830078125,-0.0034858519211411476,-0.016161512583494186,0.00690840557217598
1772363413274919700,5.859919677734375,-0.012526202946901321,-0.02378443442285061,0.0036158068105578423
1772363413284990000,5.869989990234375,-0.009982351213693619,-0.0260209571570158,-0.005865845829248428
1772363413295059000,5.880058837890625,-0.0063391271978616714,-0.030649753287434578,-0.022084619849920273
1772363413305128700,5.890128662109375,-0.003508453257381916,-0.042126115411520004,-0.029789412394165993
1772363413315198000,5.900197998046875,-0.001436642836779356,-0.03986160084605217,-0.038762301206588745
1772363413325267700,5.910267822265625,0.0009961547330021858,-0.024135634303092957,-0.04619305208325386
1772363413335337000,5.9203369140625,0.002682726364582777,-0.014634596183896065,-0.05423040688037872
1772363413345406700,5.93040673828125,0.004971180576831102,-0.023047788068652153,-0.06022278219461441
1772363413355476000,5.94047607421875,0.006572502665221691,-0.025071144104003906,-0.058928232640028
1772363413365545700,5.950545654296875,0.01159016415476799,-0.023723052814602852,-0.048897966742515564
1772363413375615000,5.960614990234375,0.015236234292387962,-0.014457635581493378,-0.0292295403778553
1772363413385685000,5.97068505859375,0.021263500675559044,-0.010533202439546585,-0.01694038324058056
1772363413395754000,5.98075390625,0.020674042403697968,-0.009336251765489578,-0.0018933499231934547
1772363413405824000,5.990823974609375,0.01851421780884266,-0.00886593759059906,0.008135582320392132
1772363413415892700,6.000892822265625,0.01984708197414875,-0.012025919742882252,0.015266512520611286
1772363413425963000,6.010962890625,0.014564702287316322,-0.0035317675210535526,0.00921341311186552
1772363413436031700,6.02103173828125,0.011316860094666481,-0.0036915414966642857,0.007581736892461777
1772363413446102000,6.03110205078125,0.013483608141541481,-0.006854577921330929,0.0027614152058959007
1772363413456170800,6.041170654296875,0.014863169752061367,-0.0018271198496222496,-0.00794774666428566
1772363413466240800,6.05124072265625,0.009484116919338703,0.006500585004687309,-0.009248700924217701
1772363413476309800,6.061309814453125,0.004117573145776987,0.015128105878829956,-0.013836727477610111
1772363413486379800,6.0713798828125,0.00568457692861557,0.029986413195729256,-0.023953277617692947
1772363413496448800,6.08144873046875,0.007832271046936512,0.026973765343427658,-0.03343842551112175
1772363413506518800,6.091518798828125,0.010250953957438469,0.010697325691580772,-0.03502940014004707
1772363413516588000,6.101588134765625,0.004853477701544762,-0.0028431296814233065,-0.030095841735601425
1772363413526657800,6.11165771484375,0.0004880237393081188,-0.0038543320260941982,-0.01699868217110634
1772363413536727000,6.12172705078125,-0.0029767765663564205,0.006591019220650196,-0.00657940749078989
1772363413546796800,6.131796875,-0.007590436842292547,0.0066008735448122025,0.0034628408029675484
1772363413556866000,6.141865966796875,-0.004469059407711029,0.002969793975353241,0.010119909420609474
1772363413566935800,6.151935791015625,-0.003415246494114399,-0.013847801834344864,0.009932689368724823
1772363413577004800,6.1620048828125,-0.0024550636298954487,-0.025831636041402817,0.012999885715544224
1772363413587074800,6.17207470703125,-0.005394394043833017,-0.021603599190711975,0.013684318400919437
1772363413597143800,6.182143798828125,-0.0026411539874970913,-0.015886340290308,0.0025459984317421913
1772363413607214000,6.192214111328125,-0.000943389255553484,-0.010767211206257343,-0.0056770434603095055
1772363413617282800,6.20228271484375,-0.0003830515779554844,-0.015533415600657463,-0.012978966347873211
1772363413627352800,6.212352783203125,-0.0008680135942995548,-0.025670472532510757,-0.017306869849562645
1772363413637421800,6.222421875,-0.004681877791881561,-0.024895083159208298,-0.023945113644003868
1772363413647491800,6.232491943359375,-0.004301845096051693,-0.01094864122569561,-0.03181981295347214
1772363413657561300,6.242561279296875,-0.0037486818619072437,-0.005415224935859442,-0.03595031052827835
1772363413667631000,6.252631103515625,-0.0012567625381052494,-0.0005054213106632233,-0.03211482614278793
1772363413677700400,6.262700439453125,0.006636681500822306,0.005631174426525831,-0.026305582374334335
1772363413687770000,6.27277001953125,0.00881914235651493,0.01297883503139019,-0.01388566568493843
1772363413697839400,6.28283935546875,0.014098778367042542,0.02123453840613365,0.000623021274805069
1772363413707909000,6.2929091796875,0.016095615923404694,0.02025609277188778,0.008324883878231049
1772363413717978000,6.30297802734375,0.020339198410511017,0.0252310149371624,0.010191050358116627
1772363413728048000,6.313048095703125,0.020314164459705353,0.026408135890960693,0.01093220803886652
1772363413738117000,6.3231171875,0.022442646324634552,0.028710998594760895,0.010437351651489735
1772363413748187400,6.3331875,0.023141726851463318,0.03459099307656288,0.008443976752460003
1772363413758257200,6.343257080078125,0.015993019565939903,0.03444010019302368,0.0009132223203778267
1772363413768326400,6.353326416015625,0.015051325783133507,0.030201680958271027,-0.006672525778412819
1772363413778396200,6.363396240234375,0.01183398999273777,0.01735442504286766,-0.005720637273043394
1772363413788465200,6.373465087890625,0.012220147997140884,0.0050628697499632835,-0.009218699298799038
1772363413798535200,6.38353515625,0.01172110065817833,-0.0027917579282075167,-0.016036581248044968
1772363413808604200,6.393604248046875,0.011945870704948902,-0.0040719397366046906,-0.02785462513566017
1772363413818674200,6.403674072265625,0.010058092884719372,0.0004930123686790466,-0.04218180105090141
1772363413828743200,6.4137431640625,0.007717973552644253,0.005941573530435562,-0.061156824231147766
1772363413838813200,6.423813232421875,0.003408291842788458,0.007674622815102339,-0.07236151397228241
1772363413848882200,6.433882080078125,0.00310575682669878,0.013209469616413116,-0.07562440633773804
1772363413858952200,6.4439521484375,-0.005787533707916737,0.011074254289269447,-0.06187370419502258
1772363413869021200,6.454021240234375,-0.010053650476038456,0.0010586390271782875,-0.04290294647216797
1772363413879091200,6.46409130859375,-0.016560964286327362,-0.013996027410030365,-0.02582652121782303
1772363413889160200,6.47416015625,-0.02238929271697998,-0.027798926457762718,-0.007126602344214916
1772363413899230200,6.484230224609375,-0.022303732112050056,-0.03681448474526405,0.004539656452834606
1772363413909299200,6.49429931640625,-0.020745784044265747,-0.0388382188975811,0.015242368914186954
1772363413919369200,6.504369140625,-0.01939287781715393,-0.03248786926269531,0.022387240082025528
1772363413929438200,6.514438232421875,-0.01330782100558281,-0.024030201137065887,0.02637958526611328
1772363413939508200,6.52450830078125,-0.007850850000977516,-0.018003329634666443,0.03902663290500641
1772363413949577200,6.5345771484375,-0.010176588781177998,-0.0101038608700037,0.035288356244564056
1772363413959647200,6.544647216796875,-0.007751034572720528,-0.017330879345536232,0.02064615488052368
1772363413969716200,6.55471630859375,-0.007188840769231319,-0.024938732385635376,0.008559132926166058
1772363413979786200,6.5647861328125,-0.00867825374007225,-0.029707036912441254,0.0012089665979146957
1772363413989855200,6.574855224609375,-0.007622310426086187,-0.037545252591371536,-0.012987279333174229
1772363413999925200,6.58492529296875,-0.008349740877747536,-0.049434855580329895,-0.027526773512363434
1772363414009994200,6.594994140625,-0.011307714506983757,-0.054232001304626465,-0.03335510194301605
1772363414020064000,6.60506396484375,-0.010646523907780647,-0.04678824543952942,-0.036731742322444916
1772363414030133200,6.61513330078125,-0.008826518431305885,-0.03740992024540901,-0.04191451519727707
1772363414040203000,6.625203125,-0.01138121634721756,-0.029800431802868843,-0.04345061257481575
1772363414050272300,6.635272216796875,-0.014460630714893341,-0.02605469524860382,-0.03997545316815376
1772363414060342300,6.64534228515625,-0.0074274237267673016,-0.019662324339151382,-0.03735428676009178
1772363414070411300,6.655411376953125,-0.006892661098390818,-0.006153438705950975,-0.027571164071559906
1772363414080481300,6.665481201171875,-0.0005345288664102554,0.0038460716605186462,-0.019705161452293396
1772363414090550300,6.67555029296875,0.002792824525386095,0.009089569561183453,-0.009271163493394852
1772363414100620300,6.685620361328125,0.009904567152261734,0.009026010520756245,0.0004816139116883278
1772363414110689300,6.695689208984375,0.010772225446999073,0.009853987954556942,0.007884137332439423
1772363414120759300,6.70575927734375,0.01406172476708889,0.011451792903244495,0.01967792958021164
1772363414130828000,6.715828125,0.006383830681443214,0.01376767735928297,0.02737739309668541
1772363414140898300,6.725898193359375,0.0061804382130503654,0.01535070315003395,0.031740471720695496
1772363414150967000,6.735967041015625,0.00455191545188427,0.014773063361644745,0.024496939033269882
1772363414161037300,6.746037353515625,0.003347367513924837,0.009664587676525116,0.012363840825855732
1772363414171106000,6.75610595703125,0.004995597992092371,0.006488235667347908,-0.001383662223815918
1772363414181176000,6.766176025390625,0.006584072019904852,0.017913587391376495,-0.006909546907991171
1772363414191245000,6.7762451171875,0.00469003152102232,0.02564634382724762,-0.01161428727209568
1772363414201315000,6.786315185546875,0.0032385364174842834,0.030557703226804733,-0.011029206216335297
1772363414211384300,6.79638427734375,0.0026704841293394566,0.013082840479910374,-0.010619079694151878
1772363414221454000,6.8064541015625,-0.004987032152712345,-0.003994918428361416,-0.0038497578352689743
1772363414231523300,6.8165234375,-0.006936465390026569,-0.005183487199246883,-0.003933114930987358
1772363414241593000,6.826593017578125,-0.012137388810515404,-0.004810533486306667,-0.008638663217425346
1772363414251662300,6.836662353515625,-0.013866579160094261,-0.003719702595844865,-0.011961488984525204
1772363414261732000,6.846732177734375,-0.014901189133524895,-0.0028048076201230288,-0.009559773840010166
1772363414271801300,6.85680126953125,-0.014742998406291008,-0.008710633963346481,-0.0017689624801278114
1772363414281871000,6.86687109375,-0.008954774588346481,-0.01952233910560608,0.006585928611457348
1772363414291940000,6.876940185546875,-0.007202414330095053,-0.028893206268548965,0.014014550484716892
1772363414302010400,6.88701025390625,-0.005002966150641441,-0.032499853521585464,0.019083727151155472
1772363414312080100,6.897080078125,0.0018488145433366299,-0.036656782031059265,0.015772620216012
1772363414322149400,6.9071494140625,-0.004603363107889891,-0.02995762787759304,0.02148500084877014
1772363414332219100,6.91721923828125,-0.006781296338886023,-0.014630337245762348,0.0198516845703125
1772363414342288100,6.9272880859375,-0.00849180854856968,-0.006166923325508833,0.011791102588176727
1772363414352358100,6.937358154296875,0.00043084612116217613,-0.0009234254248440266,0.00362238846719265
1772363414362427100,6.94742724609375,0.004509663209319115,-0.005669808946549892,-0.00488342996686697
1772363414372497200,6.9574970703125,0.004193279892206192,-0.008065588772296906,-0.013643898069858551
1772363414382566100,6.967566162109375,0.0066053131595253944,-0.007272710092365742,-0.028230365365743637
1772363414392636400,6.977636474609375,0.00018176855519413948,-0.000726659782230854,-0.037350092083215714
1772363414402705200,6.987705078125,0.005268385633826256,0.005050227046012878,-0.049876414239406586
1772363414412775200,6.997775146484375,-0.0003034798428416252,0.0031556542962789536,-0.04515170305967331
1772363414422844200,7.00784423828125,0.004665256477892399,0.012252984568476677,-0.0296800397336483
1772363414432914200,7.0179140625,0.008353468030691147,0.017954280599951744,-0.01045281533151865
1772363414442983200,7.027983154296875,0.01262558251619339,0.008250015787780285,-0.0027663009241223335
1772363414453053200,7.03805322265625,0.009697702713310719,-0.004077757243067026,0.002239377237856388
1772363414463122200,7.0481220703125,0.011575885117053986,-0.0059875925071537495,0.0060191685333848
1772363414473192200,7.058192138671875,0.00943337194621563,0.003676752559840679,0.008339314721524715
1772363414483261200,7.06826123046875,0.01329500786960125,0.013421257957816124,0.011896639131009579
1772363414493331200,7.078331298828125,0.010724791325628757,0.01417732983827591,0.014877515845000744
1772363414503400200,7.088400146484375,0.013518697582185268,0.01016942784190178,0.01015426591038704
1772363414513470200,7.09847021484375,0.006303128786385059,0.0010813898406922817,-0.0025700507685542107
1772363414523539200,7.108539306640625,0.003949499689042568,-0.005730402655899525,-0.01407355722039938
1772363414533609200,7.118609130859375,0.002126565668731928,-0.005396442487835884,-0.02120310626924038
1772363414543678200,7.12867822265625,0.0019448455423116684,-0.010718855075538158,-0.022247489541769028
1772363414553748200,7.138748291015625,0.0001069977879524231,-0.016334928572177887,-0.021852809935808182
1772363414563817200,7.148817138671875,-0.0030480287969112396,-0.019336266443133354,-0.01908963918685913
1772363414573887200,7.15888720703125,-0.0031002266332507133,-0.0062966314144432545,-0.019480325281620026
1772363414583956200,7.168956298828125,-0.000937493983656168,0.0016723009757697582,-0.012367162853479385
1772363414594026000,7.17902587890625,-0.0012592035345733166,0.013538547791540623,-0.004719896242022514
1772363414604095200,7.18909521484375,0.002984866499900818,0.011902499943971634,0.0021352311596274376
1772363414614165200,7.199165283203125,0.0011086692102253437,-0.0010700244456529617,0.009151063859462738
1772363414624234200,7.209234130859375,0.001964012160897255,-0.019163792952895164,0.01929868757724762
1772363414634304300,7.21930419921875,-0.003380951937288046,-0.024506626650691032,0.026856739073991776
1772363414644373200,7.229373291015625,-0.01120559312403202,-0.015171770006418228,0.03521380573511124
1772363414654443300,7.239443359375,-0.010286003351211548,-0.001851703505963087,0.037907857447862625
1772363414664512300,7.24951220703125,-0.004102806560695171,-0.0012474048417061567,0.030220746994018555
1772363414674582300,7.259582275390625,0.001462667714804411,-0.007788660936057568,0.0244709812104702
1772363414684651300,7.2696513671875,0.007211496587842703,-0.01211286336183548,0.013246455229818821
1772363414694721300,7.27972119140625,0.01449630782008171,-0.015698542818427086,0.0031797057017683983
1772363414704790000,7.2897900390625,0.012044343166053295,-0.023556943982839584,-0.000994066707789898
1772363414714860300,7.2998603515625,0.008184091188013554,-0.020667415112257004,0.001195318065583706
1772363414724929000,7.309928955078125,-0.0006449944339692593,-0.02012617513537407,0.0004071807488799095
1772363414734999300,7.319999267578125,-0.005953473504632711,-0.024807745590806007,-0.005852845497429371
1772363414745068300,7.330068359375,-0.009660182520747185,-0.027401048690080643,-0.012729360722005367
1772363414755138000,7.340137939453125,-0.009481484070420265,-0.03051108866930008,-0.017686568200588226
1772363414765208300,7.350208251953125,-0.0016803140752017498,-0.02968161180615425,-0.02621009200811386
1772363414775277000,7.360277099609375,0.00028616422787308693,-0.020985592156648636,-0.03389943763613701
1772363414785347300,7.370347412109375,-0.004138823598623276,-0.014980247244238853,-0.031781721860170364
1772363414795416000,7.380416015625,-0.008874189108610153,-0.00746613834053278,-0.02965865097939968
1772363414805486000,7.390486083984375,-0.01692415401339531,-0.006592987105250359,-0.019462814554572105
1772363414815555000,7.40055517578125,-0.02149040997028351,-0.005130645353347063,-0.0023690490052103996
1772363414825625000,7.410625,-0.019844569265842438,0.002617078833281994,0.016101770102977753
1772363414835694300,7.4206943359375,-0.019895968958735466,0.004224563483148813,0.028651650995016098
1772363414845764000,7.43076416015625,-0.01727675087749958,0.014969885349273682,0.03696923702955246
1772363414855833300,7.440833251953125,-0.007900824770331383,0.020845884457230568,0.04123881459236145
1772363414865903000,7.450903076171875,-0.006487666629254818,0.026356792077422142,0.045269470661878586
1772363414875972400,7.460972412109375,-0.0037379534915089607,0.018748672679066658,0.045924607664346695
1772363414886042000,7.4710419921875,-0.004722543526440859,0.02100273035466671,0.04744992405176163
1772363414896111400,7.481111328125,-0.006133219692856073,0.012619365006685257,0.035706982016563416
1772363414906181000,7.49118115234375,-0.011378086172044277,0.002776168752461672,0.026292430236935616
1772363414916250000,7.50125,-0.0019307881593704224,0.03153138607740402,0.030551092699170113
1772363414926320400,7.5113203125,-0.008366391062736511,0.05498313903808594,0.008982934057712555
1772363414936389000,7.52138916015625,-0.010314492508769035,0.0159960575401783,-0.005127292592078447
1772363414946459400,7.53145947265625,-0.009523285552859306,-0.007266963832080364,-0.004094394855201244
1772363414956528000,7.541528076171875,-0.010698806494474411,0.006358034908771515,0.0074789030477404594
1772363414966598400,7.551598388671875,-0.0174194797873497,0.007632723078131676,0.015479519963264465
1772363414976667100,7.561667236328125,-0.022936483845114708,-0.008702307939529419,0.022713465616106987
1772363414986737200,7.571737060546875,-0.024802180007100105,-0.011295835487544537,0.03148648515343666
1772363414996806100,7.58180615234375,-0.023701762780547142,-0.012784276157617569,0.04305499047040939
1772363415006876200,7.591876220703125,-0.022431500256061554,-0.018445342779159546,0.05599973723292351
1772363415016945200,7.601945068359375,-0.018411723896861076,-0.018724709749221802,0.06265950202941895
1772363415027015200,7.61201513671875,-0.020221514627337456,-0.01994887925684452,0.06180638447403908
1772363415037084200,7.622084228515625,-0.008598148822784424,-0.01862076111137867,0.04548892751336098
1772363415047154200,7.632154296875,-0.01081099733710289,-0.018167056143283844,0.02654259279370308
1772363415057223200,7.64222314453125,-0.008745715022087097,-0.015432523563504219,0.010526609607040882
1772363415067293200,7.652293212890625,-0.007034288719296455,-0.020084701478481293,-0.003809504210948944
1772363415077362200,7.662362060546875,-0.00733575876802206,-0.02192574366927147,-0.008621836081147194
1772363415087432200,7.67243212890625,-0.003229172434657812,-0.009652091190218925,-0.013534502126276493
1772363415097501200,7.682501220703125,-0.009216491132974625,0.0018777991645038128,-0.020020630210638046
1772363415107571200,7.6925712890625,-0.005314648617058992,0.0008276593871414661,-0.027696721255779266
1772363415117640200,7.70264013671875,-0.0023020808584988117,-0.0007057888433337212,-0.03396366909146309
1772363415127710200,7.712710205078125,-0.003208205569535494,-0.006576447747647762,-0.030883949249982834
1772363415137779200,7.722779296875,-0.004402633290737867,-0.007435050792992115,-0.02266543358564377
1772363415147849000,7.732848876953125,-0.00679704500362277,-0.005989864934235811,-0.009459607303142548
1772363415157919200,7.742919189453125,-0.01011587679386139,-0.0069877514615654945,0.008417661301791668
1772363415167988200,7.75298828125,-0.008365841582417488,-0.0064513492397964,0.018881503492593765
1772363415178058200,7.763058349609375,-0.004183080047369003,-0.0036220066249370575,0.02726220339536667
1772363415188127200,7.773127197265625,-0.0009819604456424713,-0.005031884182244539,0.0398552268743515
1772363415198197200,7.783197265625,-0.0016650613397359848,0.0029373588040471077,0.04593842104077339
1772363415208266200,7.793266357421875,0.004021147266030312,0.013043606653809547,0.04131826385855675
1772363415218336000,7.8033359375,0.006051008589565754,0.014403415843844414,0.03562202677130699
1772363415228405200,7.8134052734375,0.006644461303949356,0.012950270436704159,0.027605470269918442
1772363415238475000,7.82347509765625,0.007007983047515154,0.018748238682746887,0.009612887166440487
1772363415248544300,7.833544189453125,0.004307992290705442,0.021582670509815216,0.0004100389778614044
1772363415258614300,7.8436142578125,0.005972468294203281,0.028315939009189606,-0.005569823086261749
1772363415268683300,7.853683349609375,0.012891503050923347,0.028810180723667145,-0.024828359484672546
1772363415278753300,7.863753173828125,0.01389524806290865,0.02456696331501007,-0.03359468653798103
1772363415288822300,7.873822265625,0.0146553423255682,0.019046064466238022,-0.03861786797642708
1772363415298892300,7.883892333984375,0.012531738728284836,0.02703607827425003,-0.03454988822340965
1772363415308961300,7.893961181640625,0.011353829875588417,0.026806039735674858,-0.02921697497367859
1772363415319031300,7.90403125,0.012865439988672733,0.015429813414812088,-0.018415194004774094
1772363415329100000,7.91410009765625,0.01578599214553833,0.013217763043940067,-0.009205018170177937
1772363415339170300,7.92417041015625,0.017148731276392937,0.019715875387191772,0.00008195731788873672
1772363415349239000,7.934239013671875,0.019708452746272087,0.032740138471126556,0.0022569382563233376
1772363415359309300,7.944309326171875,0.020644020289182663,0.029727302491664886,0.005675904452800751
1772363415369378000,7.9543779296875,0.017727453261613846,0.02171948552131653,0.001027778722345829
1772363415379448000,7.964447998046875,0.014796909876167774,0.012395758181810379,0.0011553438380360603
1772363415389517300,7.974517333984375,0.01640462689101696,0.0025130785070359707,0.00011165253818035126
1772363415399587000,7.984587158203125,0.014265043660998344,-0.0032603885047137737,0.006433198228478432
1772363415409656300,7.99465625,0.011120774783194065,0.004798109643161297,0.012914158403873444
1772363415419726000,8.00472607421875,0.014822835102677345,0.004526200704276562,0.008868815377354622
1772363415429795300,8.01479541015625,0.004947515204548836,-0.0005591041408479214,0.010628492571413517
1772363415439865000,8.024864990234375,0.00028724968433380127,-0.008742198348045349,0.006993810646235943
1772363415449934300,8.034934326171875,-0.009980314411222935,-0.008012213744223118,0.001171930693089962
1772363415460004000,8.045004150390625,-0.018014539033174515,-0.017335940152406693,-0.008518779650330544
1772363415470073300,8.0550732421875,-0.02212308719754219,-0.022084509953856468,-0.022552721202373505
1772363415480143400,8.065143310546874,-0.024193957448005676,-0.030742978677153587,-0.033618953078985214
1772363415490212000,8.075212158203126,-0.025919701904058456,-0.038221124559640884,-0.04260120540857315
1772363415500282400,8.085282470703126,-0.023501284420490265,-0.03670099005103111,-0.04592723026871681
1772363415510351000,8.09535107421875,-0.020940279588103294,-0.0339212529361248,-0.04252581670880318
1772363415520421400,8.10542138671875,-0.01868111826479435,-0.02536211907863617,-0.04108238220214844
1772363415530490000,8.115489990234375,-0.015105126425623894,-0.0134675158187747,-0.032275933772325516
1772363415540560100,8.12556005859375,-0.0095436479896307,-0.00600587110966444,-0.018247466534376144
1772363415550629000,8.135629150390624,-0.007193964906036854,0.0005253627896308899,-0.0011817272752523422
1772363415560699100,8.14569921875,-0.0017134463414549828,-0.0021452552173286676,0.009803279303014278
1772363415570769400,8.155769287109376,0.0010902369394898415,-0.00549186859279871,0.01840939186513424
1772363415580838100,8.165838134765625,-0.0018504257313907146,-0.00967729277908802,0.02040569670498371
1772363415590908400,8.175908447265625,0.00268592219799757,0.00021865172311663628,0.017680801451206207
1772363415600977200,8.18597705078125,-0.0025067096576094627,0.0008839094080030918,0.00536021962761879
1772363415611047200,8.196047119140625,-0.0015940633602440357,-0.01898225024342537,-0.0031921323388814926
1772363415621116200,8.2061162109375,0.010956082493066788,0.013105911202728748,0.0023677488788962364
1772363415631186200,8.216186279296876,0.0063729193061590195,0.03872288390994072,-0.006088486406952143
1772363415641255200,8.226255126953125,0.006509273312985897,0.018647978082299232,-0.015582389198243618
1772363415651325200,8.2363251953125,0.001737082377076149,0.0009269951842725277,-0.0235508494079113
1772363415661398000,8.24639794921875,0.00019644387066364288,0.004868473391979933,-0.019286595284938812
1772363415671468000,8.256468017578126,-0.004509373102337122,0.0049867331981658936,-0.013818538747727871
1772363415681537000,8.266537109375,-0.010099083185195923,-0.010371450334787369,-0.009908752515912056
1772363415691607000,8.27660693359375,-0.019951045513153076,-0.023870186880230904,-0.0028352979570627213
1772363415701675800,8.28667578125,-0.022107936441898346,-0.029100367799401283,0.004580008797347546
1772363415711746000,8.29674609375,-0.023246843367815018,-0.029021035879850388,0.024097684770822525
1772363415721814800,8.306814697265626,-0.025616789236664772,-0.03606696054339409,0.03460651636123657
1772363415731885000,8.316885009765626,-0.024479996412992477,-0.039778273552656174,0.040290478616952896
1772363415741954000,8.3269541015625,-0.022517245262861252,-0.031365346163511276,0.03279261663556099
1772363415752023800,8.33702392578125,-0.023507243022322655,-0.02013440430164337,0.03941580653190613
1772363415762093000,8.347093017578125,-0.028215179219841957,-0.01434362679719925,0.03642268106341362
1772363415772162800,8.357162841796875,-0.02786685898900032,-0.016210809350013733,0.036141835153102875
1772363415782232000,8.367232177734374,-0.021759163588285446,-0.02047053538262844,0.02215598337352276
1772363415792301800,8.3773017578125,-0.015681810677051544,-0.018069390207529068,0.0006058262661099434
1772363415802371000,8.38737109375,-0.00838102214038372,-0.011471141129732132,-0.022869938984513283
1772363415812440800,8.39744091796875,-0.0005904315039515495,-0.00843865517526865,-0.04866191744804382
1772363415822510000,8.407510009765625,0.006112211849540472,-0.0029141937848180532,-0.056724898517131805
1772363415832580000,8.417580078125,0.00878588855266571,-0.005174447316676378,-0.058768972754478455
1772363415842649000,8.427649169921875,0.0140171367675066,0.0013311225920915604,-0.062151722609996796
1772363415852719000,8.437718994140624,0.020316556096076965,0.00568774901330471,-0.056913167238235474
1772363415862788900,8.447788818359374,0.025504928082227707,0.007763151079416275,-0.04439151659607887
1772363415872858000,8.457858154296876,0.027194499969482422,-0.0014868215657770634,-0.03729277476668358
1772363415882927900,8.467927978515625,0.02761314995586872,-0.004869834985584021,-0.033788587898015976
1772363415892997000,8.4779970703125,0.03241261839866638,0.005374179687350988,-0.027086954563856125
1772363415903067000,8.48806689453125,0.03348001092672348,0.01635119691491127,-0.012984451837837696
1772363415913136000,8.49813623046875,0.026664040982723236,0.023714352399110794,0.007812056690454483
1772363415923206100,8.5082060546875,0.02235584706068039,0.035336654633283615,0.01658211089670658
1772363415933275000,8.51827490234375,0.016903549432754517,0.036795474588871,0.014716104604303837
1772363415943345200,8.52834521484375,0.007005113177001476,0.02089081145823002,0.010614571161568165
1772363415953414000,8.538413818359375,0.004910608753561974,0.009611035697162151,0.0017712926492094994
1772363415963484200,8.548484130859375,0.005145765841007233,0.008781461045145988,-0.009071500971913338
1772363415973553000,8.558552978515625,0.00828738883137703,0.014683625660836697,-0.02148531749844551
1772363415983623000,8.568622802734374,0.010151868686079979,0.018974777311086655,-0.030766963958740234
1772363415993692000,8.57869189453125,0.0053693633526563644,0.01665623113512993,-0.03941265121102333
1772363416003763000,8.588762939453124,-0.00013112928718328476,0.009026006795465946,-0.041786592453718185
1772363416013832200,8.598832275390626,-0.005243672523647547,0.013096604496240616,-0.04177249222993851
1772363416023902000,8.60890185546875,-0.004564832430332899,0.01402258686721325,-0.036281321197748184
1772363416033971000,8.618970947265625,-0.004318244755268097,0.013446505181491375,-0.029732488095760345
1772363416044041000,8.629041015625,0.001237375196069479,0.01522443164139986,-0.02145405113697052
1772363416054110000,8.63910986328125,0.007468092255294323,0.014769181609153748,-0.013137126341462135
1772363416064180000,8.649179931640624,0.009616997092962265,0.012145968154072762,-0.006296530831605196
1772363416074249000,8.6592490234375,0.007255809381604195,0.008682696148753166,0.001457451842725277
1772363416084319000,8.669319091796876,0.002601136453449726,0.007911976426839828,0.012109297327697277
1772363416094388000,8.679387939453125,0.006050340831279755,0.011758469045162201,0.007368631660938263
1772363416104458000,8.6894580078125,-0.0007487093098461628,-0.010533520951867104,0.004093477502465248
1772363416114527000,8.69952685546875,0.012639209628105164,-0.0033711418509483337,0.02892197296023369
1772363416124597000,8.709596923828125,0.01706325262784958,0.04695674031972885,0.10341271758079529
1772363416134666000,8.719666015625,0.010243609547615051,0.14048174023628235,0.10125115513801575
1772363416144736000,8.729736083984376,-0.00953648705035448,0.10994726419448853,0.06207072734832764
1772363416154805000,8.739804931640625,0.00485104788094759,0.07653634995222092,0.06185050308704376
1772363416164875000,8.749875,0.00339270057156682,0.10227367281913757,0.027435269206762314
1772363416174944800,8.75994482421875,-0.005895052570849657,0.03544555604457855,-0.016448242589831352
1772363416185014000,8.770013916015625,0.006964020896703005,-0.06504376977682114,-0.06000930070877075
1772363416195084000,8.780083984375,-0.0046806070022284985,-0.08368049561977386,-0.0784362182021141
1772363416205153000,8.790153076171874,-0.01162613183259964,-0.07164646685123444,-0.10125258564949036
1772363416215223000,8.80022314453125,-0.024927742779254913,-0.07650183886289597,-0.12174300104379654
1772363416225292000,8.8102919921875,-0.031185105443000793,-0.10529913008213043,-0.15727490186691284
1772363416235362000,8.820362060546875,-0.034257445484399796,-0.12278184294700623,-0.14565317332744598
1772363416245431000,8.83043115234375,-0.04372791200876236,-0.09823387861251831,-0.11012740433216095
1772363416255501000,8.8405009765625,-0.053163960576057434,-0.06643669307231903,-0.0552341490983963
1772363416265570000,8.850570068359374,-0.051722124218940735,-0.04766274243593216,-0.005125440191477537
1772363416275640000,8.86064013671875,-0.0290727186948061,0.027782253921031952,0.008282387629151344
1772363416285708800,8.870708740234376,-0.02954835630953312,0.05575929582118988,0.008151093497872353
